Epoch,evaluation/Actions Max,evaluation/Actions Mean,evaluation/Actions Min,evaluation/Actions Std,evaluation/Average Returns,evaluation/Num Paths,evaluation/Returns Max,evaluation/Returns Mean,evaluation/Returns Min,evaluation/Returns Std,evaluation/Rewards Max,evaluation/Rewards Mean,evaluation/Rewards Min,evaluation/Rewards Std,evaluation/agent_infos/final/logpi Max,evaluation/agent_infos/final/logpi Mean,evaluation/agent_infos/final/logpi Min,evaluation/agent_infos/final/logpi Std,evaluation/agent_infos/initial/logpi Max,evaluation/agent_infos/initial/logpi Mean,evaluation/agent_infos/initial/logpi Min,evaluation/agent_infos/initial/logpi Std,evaluation/agent_infos/logpi Max,evaluation/agent_infos/logpi Mean,evaluation/agent_infos/logpi Min,evaluation/agent_infos/logpi Std,evaluation/num paths total,evaluation/num steps total,evaluation/path length Max,evaluation/path length Mean,evaluation/path length Min,evaluation/path length Std,exploration/Actions Max,exploration/Actions Mean,exploration/Actions Min,exploration/Actions Std,exploration/Average Returns,exploration/Num Paths,exploration/Returns Max,exploration/Returns Mean,exploration/Returns Min,exploration/Returns Std,exploration/Rewards Max,exploration/Rewards Mean,exploration/Rewards Min,exploration/Rewards Std,exploration/agent_infos/final/logpi Max,exploration/agent_infos/final/logpi Mean,exploration/agent_infos/final/logpi Min,exploration/agent_infos/final/logpi Std,exploration/agent_infos/initial/logpi Max,exploration/agent_infos/initial/logpi Mean,exploration/agent_infos/initial/logpi Min,exploration/agent_infos/initial/logpi Std,exploration/agent_infos/logpi Max,exploration/agent_infos/logpi Mean,exploration/agent_infos/logpi Min,exploration/agent_infos/logpi Std,exploration/num paths total,exploration/num steps total,exploration/path length Max,exploration/path length Mean,exploration/path length Min,exploration/path length Std,trainer/Extrinsic Advantages Max,trainer/Extrinsic Advantages Mean,trainer/Extrinsic Rewards Max,trainer/Extrinsic Rewards Mean,trainer/Intrinsic Advantages Max,trainer/Intrinsic Advantages Mean,trainer/Intrinsic Rewards Max,trainer/Intrinsic Rewards Mean,trainer/Intrinsic Rewards Raw Max,trainer/Intrinsic Rewards Raw Mean,trainer/Intrinsic Targets Max,trainer/Intrinsic Targets Mean,trainer/Intrinsic Value Loss,trainer/KL Div Max,trainer/KL Div Mean,trainer/KL Div Min,trainer/KL Div Std,trainer/Log Pis Max,trainer/Log Pis Mean,trainer/Log Pis Min,trainer/Log Pis Std,trainer/Policy Loss,trainer/Value Estimates Max,trainer/Value Estimates Mean,trainer/Value Estimates Min,trainer/Value Estimates Std,trainer/Value Loss,trainer/num train calls,trainer/policy/mean Max,trainer/policy/mean Mean,trainer/policy/mean Min,trainer/policy/mean Std,trainer/policy/normal/log_std Max,trainer/policy/normal/log_std Mean,trainer/policy/normal/log_std Min,trainer/policy/normal/log_std Std,trainer/policy/normal/std Max,trainer/policy/normal/std Mean,trainer/policy/normal/std Min,trainer/policy/normal/std Std
0,0.000708531,0.00039274,7.69496e-05,0.000315791,-45.7670974228,6,-21.6352933602,-45.7670974228,-66.1500237796,16.0449195156,-0.144235289068,-0.305113982819,-0.441000158531,0.106966130104,1.0,1.0,1.0,0.0,1.0,1.0,1.0,0.0,1.0,1.0,1.0,0.0,6,900,150,150.0,150,0.0,0.999245,-0.0332845,-0.999543,0.628001,-43.1567991242,140,-12.6077426485,-43.1567991242,-75.0594211455,14.280177102,-0.0915880689882,-0.295017181513,-0.50039614097,0.0933748771841,-0.212959289551,-1.34439822606,-1.91041684151,0.372520852711,-0.132746696472,-1.33089256627,-3.03331708908,0.414369364259,0.124761104584,-1.31785583005,-3.03331708908,0.382983771238,140,20480,150,146.285714286,98,13.3920475946,2.70248,-2.84985e-07,-0.196677,-0.309,7.45866e+08,5.68269e+08,3.73809e+07,3.27083e+07,0.373809,0.373809,7.45866e+08,5.68269e+08,3.92114e+17,1.66893e-06,-1.81608e-08,-7.15256e-07,2.67294e-07,-0.603481,-1.32612,-1.83556,0.312372,3.09432e-07,0.000764874,0.000764874,0.000764874,5.82077e-11,23.6091,1000,0.000708531,0.00039274,7.69496e-05,0.000315791,0.000571088,0.000441386,0.000311684,0.000129702,1.00057,1.00044,1.00031,0.000129759
1,0.0529092,-0.00333923,-0.0595876,0.0562484,-40.634605927,6,-20.9039200174,-40.634605927,-56.7750259328,10.6404199816,-0.139359466783,-0.270897372847,-0.378500172885,0.0709361332106,1.0,1.0,1.0,0.0,1.0,1.0,1.0,0.0,1.0,1.0,1.0,0.0,12,1800,150,150.0,150,0.0,0.999816,0.0262684,-0.999629,0.616986,-42.6480839257,140,-11.1158915074,-42.6480839257,-74.2953405572,15.5830158349,-0.077439300215,-0.291539636211,-0.495302270381,0.0990607686578,-0.176901340485,-1.32850604909,-2.06630754471,0.391974829422,-0.277160644531,-1.33834511893,-2.19828987122,0.373975731913,-0.0271830558777,-1.3209013895,-5.39575576782,0.370755799231,280,40960,150,146.285714286,98,13.3920475946,3.97463,6.51926e-09,-0.144019,-0.260716,7.45866e+08,5.737e+08,3.73809e+07,3.25623e+07,0.373809,0.373809,7.45866e+08,5.737e+08,3.98655e+17,9.53674e-07,-1.62981e-08,-1.90735e-06,2.4191e-07,-0.623998,-1.36035,-2.09063,0.241286,-1.53668e-08,-16.5369,-16.5369,-16.5369,0.0,16.5388,2000,0.0529092,-0.00333924,-0.0595877,0.0562484,-0.0483897,-0.0612211,-0.0740525,0.0128314,0.952762,0.940693,0.928623,0.0120698
2,0.107122,0.0851912,0.0632604,0.0219309,-46.4641514205,6,-17.2654577022,-46.4641514205,-62.4606997729,15.6249929859,-0.115103051348,-0.30976100947,-0.416404665153,0.104166619906,1.0,1.0,1.0,0.0,1.0,1.0,1.0,0.0,1.0,1.0,1.0,0.0,18,2700,150,150.0,150,0.0,0.999925,0.0222471,-0.999779,0.59823,-39.3659732548,140,-11.3325761787,-39.3659732548,-72.4567010875,14.6748994851,-0.0911082359887,-0.269103332796,-0.483044673916,0.0960920388343,-0.183962345123,-1.32579322968,-2.918435812,0.42394142138,-0.237496137619,-1.33048202906,-2.8251388073,0.38685173597,-0.147880792618,-1.29737439392,-4.3875336647,0.395121515424,420,61440,150,146.285714286,98,13.3920475946,4.13874,1.86265e-09,-0.122431,-0.275737,7.45866e+08,5.78575e+08,3.73809e+07,3.28543e+07,0.373809,0.373809,7.45866e+08,5.78575e+08,4.01721e+17,7.15256e-07,-1.49012e-08,-5.24521e-06,3.8743e-07,-0.270522,-1.31149,-2.71691,0.412726,9.31323e-08,-17.3348,-17.3348,-17.3348,1.90735e-06,16.5689,3000,0.107122,0.0851912,0.0632603,0.0219309,0.119294,-0.0531346,-0.225563,0.172429,1.1267,0.962384,0.798067,0.164317
3,0.35531,0.099776,-0.155758,0.255534,-50.8595457051,6,-37.9855661882,-50.8595457051,-66.0587365065,10.3794319104,-0.253237107921,-0.339063638034,-0.44039157671,0.0691962127358,1.0,1.0,1.0,0.0,1.0,1.0,1.0,0.0,1.0,1.0,1.0,0.0,24,3600,150,150.0,150,0.0,0.999752,0.11107,-0.997243,0.59977,-42.4121708271,140,-11.9133253271,-42.4121708271,-74.8835306072,14.924465416,-0.0971813335981,-0.289926949013,-0.499223537382,0.097346171534,0.12011051178,-1.16603282818,-2.26427793503,0.609558598144,0.126955747604,-1.17759685559,-2.43885421753,0.678752317773,0.548830986023,-1.1684682615,-4.78847789764,0.66619115793,560,81920,150,146.285714286,98,13.3920475946,3.96556,0.0,-0.133349,-0.304293,7.45848e+08,5.72499e+08,3.73809e+07,3.27083e+07,0.373809,0.373809,7.45849e+08,5.72499e+08,3.95253e+17,9.53674e-07,-4.84288e-08,-2.86102e-06,3.15684e-07,-0.04598,-1.22274,-2.78612,0.5505,-2.23517e-08,-15.8436,-15.8436,-15.8436,1.90735e-06,16.7131,4000,0.35531,0.099776,-0.155758,0.255534,-0.0254719,-0.138302,-0.251131,0.11283,0.97485,0.876385,0.77792,0.0984649
4,0.524044,0.208287,-0.10747,0.315757,-39.2843575657,6,-26.5846134602,-39.2843575657,-71.6653382156,15.3120691508,-0.177230756401,-0.261895717105,-0.477768921437,0.102080461005,1.0,1.0,1.0,0.0,1.0,1.0,1.0,0.0,1.0,1.0,1.0,0.0,30,4500,150,150.0,150,0.0,0.999189,0.145868,-0.995095,0.562943,-42.3213508081,140,-10.6794651112,-42.3213508081,-74.8254743129,15.091541104,-0.0711964340749,-0.28930610904,-0.498836495419,0.0960887580723,0.00786089897156,-1.0906321747,-2.67807674408,0.676565611398,0.125872612,-1.08830048868,-3.16419816017,0.687650288551,0.138376951218,-1.06884853833,-5.44806575775,0.712125937883,700,102400,150,146.285714286,98,13.3920475946,4.04208,-1.86265e-09,-0.132933,-0.270135,7.45866e+08,5.68594e+08,3.73809e+07,3.22703e+07,0.373809,0.373809,7.45867e+08,5.68595e+08,3.94942e+17,2.14577e-06,-5.82077e-09,-1.90735e-06,2.97757e-07,-0.037657,-1.10804,-3.71346,0.666906,-1.95578e-08,-16.9308,-16.9308,-16.9308,0.0,16.6207,5000,0.524044,0.208287,-0.10747,0.315757,-0.203548,-0.232771,-0.261994,0.0292228,0.815831,0.792673,0.769516,0.0231575
5,0.505968,0.15971,-0.186549,0.346259,-43.992604965,6,-19.8606623685,-43.992604965,-62.2332451152,13.993909787,-0.13240441579,-0.2932840331,-0.414888300768,0.093292731913,1.0,1.0,1.0,0.0,1.0,1.0,1.0,0.0,1.0,1.0,1.0,0.0,36,5400,150,150.0,150,0.0,0.999062,0.107543,-0.99666,0.538391,-40.0123889441,140,-13.559665974,-40.0123889441,-74.4844613376,15.0178585793,-0.0903977731599,-0.273522190048,-0.496563075584,0.0977963704961,0.199607372284,-1.029533141,-2.86514353752,0.584959949292,0.207114934921,-0.997972275955,-2.70999908447,0.584923175133,0.27525472641,-1.10842365175,-6.24962425232,0.642547592982,840,122880,150,146.285714286,98,13.3920475946,4.12484,-2.79397e-09,-0.0903978,-0.244939,7.45866e+08,5.90387e+08,3.73809e+07,3.37304e+07,0.373809,0.373809,7.45867e+08,5.90388e+08,4.09644e+17,6.67572e-06,2.09548e-09,-1.19209e-06,5.4101e-07,0.147982,-1.01434,-3.78147,0.761595,-7.63685e-08,-16.7952,-16.7952,-16.7952,1.90735e-06,15.3717,6000,0.505968,0.15971,-0.186549,0.346259,-0.156142,-0.333208,-0.510275,0.177066,0.855438,0.727884,0.600331,0.127554
6,0.349951,0.169893,-0.0101652,0.180058,-35.5614414451,6,-22.6964915924,-35.5614414451,-54.763659884,10.9012512528,-0.151309943949,-0.2370762763,-0.365091065893,0.0726750083518,1.0,1.0,1.0,0.0,1.0,1.0,1.0,0.0,1.0,1.0,1.0,0.0,42,6300,150,150.0,150,0.0,0.995742,0.0575966,-0.989956,0.522544,-42.6246275987,140,-15.4547715244,-42.6246275987,-74.9008691098,14.1999591801,-0.103031810163,-0.291379290225,-0.499339127398,0.0920691784318,-0.46925842762,-1.27437273094,-5.07737731934,0.641582313879,-0.558799028397,-1.24252570612,-5.10960054398,0.563585743573,-0.412485599518,-1.20090681765,-5.75321626663,0.499538970327,980,143360,150,146.285714286,98,13.3920475946,4.15139,-1.49012e-08,-0.12723,-0.314033,7.45866e+08,5.75612e+08,3.73809e+07,3.30003e+07,0.373809,0.373809,7.45867e+08,5.75613e+08,3.96859e+17,9.53674e-07,3.14321e-08,-8.34465e-07,2.40384e-07,-0.495071,-1.16781,-4.39344,0.541523,-2.32831e-08,-15.6511,-15.6511,-15.6511,9.53674e-07,15.2535,7000,0.349951,0.169893,-0.0101652,0.180058,-0.290954,-0.384201,-0.477449,0.0932477,0.74755,0.683957,0.620364,0.0635932
7,0.248796,0.0472483,-0.1543,0.201548,-44.2560855759,6,-26.4909000291,-44.2560855759,-65.2548257228,15.9741692387,-0.176606000194,-0.295040570506,-0.435032171485,0.106494461591,1.0,1.0,1.0,0.0,1.0,1.0,1.0,0.0,1.0,1.0,1.0,0.0,48,7200,150,150.0,150,0.0,0.99656,0.00720548,-0.993176,0.510902,-42.3977501411,140,-13.451150572,-42.3977501411,-73.3345401504,14.5416779602,-0.0896743371469,-0.289828370105,-0.488896934336,0.0960242178698,-0.617316484451,-1.25208110469,-3.30915117264,0.418647909295,-0.617933988571,-1.16250620697,-2.18488049507,0.332748440532,-0.541830897331,-1.21437437816,-6.77899074554,0.44213953179,1120,163840,150,146.285714286,98,13.3920475946,3.93756,-1.30385e-08,-0.154525,-0.315487,7.45866e+08,5.87604e+08,3.73809e+07,3.37304e+07,0.373809,0.373809,7.45868e+08,5.87606e+08,4.07371e+17,1.43051e-06,7.79983e-08,-4.76837e-07,2.71732e-07,-0.594461,-1.23348,-3.6148,0.487114,-1.44355e-08,-16.4315,-16.4315,-16.4315,1.90735e-06,18.2152,8000,0.248796,0.0472483,-0.1543,0.201548,-0.344681,-0.428768,-0.512855,0.0840867,0.708446,0.653615,0.598784,0.0548312
8,0.044361,-0.0784921,-0.201345,0.122853,-44.6581040291,6,-19.332488117,-44.6581040291,-71.8489505875,18.8525388216,-0.128883254113,-0.297720693527,-0.478993003917,0.125683592144,1.0,1.0,1.0,0.0,1.0,1.0,1.0,0.0,1.0,1.0,1.0,0.0,54,8100,150,150.0,150,0.0,0.992148,-0.0232586,-0.989259,0.461426,-42.0881638019,140,-17.2761436847,-42.0881638019,-74.2028439976,13.6740847521,-0.115174291231,-0.287712057239,-0.494685626651,0.0885763725521,-0.46648979187,-1.17346091377,-3.41046714783,0.609890368082,-0.435531318188,-1.06034647822,-3.0110039711,0.477152692958,-0.424488604069,-1.07816413737,-6.93262052536,0.541986960509,1260,184320,150,146.285714286,98,13.3920475946,4.40359,6.51926e-09,-0.155821,-0.301586,7.45866e+08,5.52276e+08,3.73809e+07,3.13941e+07,0.373809,0.373809,7.45868e+08,5.52279e+08,3.82745e+17,2.38419e-06,4.61005e-08,-7.15256e-07,3.02847e-07,-0.761524,-1.20787,-5.72916,0.537213,7.91624e-09,-17.1133,-17.1133,-17.1133,1.90735e-06,15.1307,9000,0.0443611,-0.0784921,-0.201345,0.122853,-0.412282,-0.474323,-0.536363,0.0620408,0.662138,0.623505,0.584871,0.0386331
9,0.11381,0.00166994,-0.11047,0.11214,-47.5090867031,6,-19.0303030303,-47.5090867031,-67.1616848958,17.9645364047,-0.126868686869,-0.316727244687,-0.447744565972,0.119763576031,1.0,1.0,1.0,0.0,1.0,1.0,1.0,0.0,1.0,1.0,1.0,0.0,60,9000,150,150.0,150,0.0,0.985521,-0.00895619,-0.979178,0.454194,-40.8428010128,140,-7.00168089938,-40.8428010128,-73.2366448822,14.5653930454,-0.0714457234631,-0.279198835049,-0.488244299214,0.0928290685746,-0.341158926487,-1.00458054245,-4.4207649231,0.573656171273,-0.377296388149,-1.0887634388,-5.00246143341,0.76809997412,-0.338569700718,-1.03334420394,-6.44918823242,0.584874732401,1400,204800,150,146.285714286,98,13.3920475946,3.85979,0.0,-0.0714457,-0.285161,7.45866e+08,5.71963e+08,3.73809e+07,3.32924e+07,0.373809,0.373809,7.45868e+08,5.71965e+08,3.92585e+17,1.78814e-06,4.44707e-08,-9.53674e-07,3.48001e-07,-0.600109,-1.06346,-3.525,0.47778,-1.07102e-08,-17.1639,-17.1639,-17.1639,1.90735e-06,18.4212,10000,0.11381,0.00166994,-0.11047,0.11214,-0.548453,-0.586474,-0.624496,0.0380211,0.577843,0.556687,0.535532,0.0211557
10,0.187638,-0.00214596,-0.19193,0.189784,-40.9875324893,6,-21.2786150298,-40.9875324893,-71.1405057265,18.1445883834,-0.141857433532,-0.273250216595,-0.474270038176,0.120963922556,1.0,1.0,1.0,0.0,1.0,1.0,1.0,0.0,1.0,1.0,1.0,0.0,66,9900,150,150.0,150,0.0,0.982614,0.00248426,-0.969637,0.427332,-42.8607665971,140,-10.1716396322,-42.8607665971,-74.0856507329,15.880909685,-0.0678109308811,-0.29299352166,-0.493904338219,0.105771739819,-0.171721577644,-0.904134876813,-4.77206325531,0.727832703127,-0.165332376957,-0.884424324759,-2.8880674839,0.5973545556,-0.150355577469,-0.883396228658,-7.53312206268,0.654526232614,1540,225280,150,146.285714286,98,13.3920475946,3.92314,0.0,-0.118371,-0.250312,7.45866e+08,5.79626e+08,3.73809e+07,3.34384e+07,0.373809,0.373809,7.45868e+08,5.79629e+08,3.99798e+17,7.15256e-07,-5.66943e-08,-3.8147e-06,4.0475e-07,-0.36046,-0.970844,-6.08669,0.674642,-1.86265e-09,-16.5079,-16.5079,-16.5079,1.90735e-06,16.5444,11000,0.187638,-0.00214597,-0.19193,0.189784,-0.560413,-0.664094,-0.767776,0.103682,0.570973,0.517509,0.464044,0.0534647
11,0.18368,-0.000601334,-0.184882,0.184281,-41.2354822795,6,-33.4439725758,-41.2354822795,-59.9126345578,8.63791074575,-0.222959817172,-0.274903215197,-0.399417563718,0.0575860716383,1.0,1.0,1.0,0.0,1.0,1.0,1.0,0.0,1.0,1.0,1.0,0.0,72,10800,150,150.0,150,0.0,0.970077,0.00410912,-0.948048,0.403938,-40.2286938597,140,-8.71189430061,-40.2286938597,-73.8985960473,14.269894412,-0.08788557718,-0.275000836932,-0.492657306982,0.0920889244739,-0.147413253784,-0.883584687114,-4.38355922699,0.742976464154,-0.0820251107216,-0.773292254976,-3.170586586,0.597663921263,-0.0375726222992,-0.808221497091,-7.47906446457,0.677088915807,1680,245760,150,146.285714286,98,13.3920475946,4.01387,5.58794e-09,-0.154151,-0.301017,7.45848e+08,5.78738e+08,3.73809e+07,3.31464e+07,0.373809,0.373809,7.45851e+08,5.7874e+08,4.00363e+17,7.15256e-07,4.08618e-08,-1.19209e-06,2.76575e-07,-0.139891,-0.825765,-3.10368,0.681512,0.0,-17.1178,-17.1178,-17.1178,0.0,18.3192,12000,0.18368,-0.000601307,-0.184882,0.184281,-0.70996,-0.794121,-0.878281,0.0841606,0.491664,0.45358,0.415496,0.0380837
12,0.104813,-0.0397096,-0.184232,0.144523,-36.0639486133,6,-21.2325867863,-36.0639486133,-51.7989989595,10.7962601698,-0.141550578575,-0.240426324089,-0.34532665973,0.0719750677987,1.0,1.0,1.0,0.0,1.0,1.0,1.0,0.0,1.0,1.0,1.0,0.0,78,11700,150,150.0,150,0.0,0.970252,-0.0398767,-0.948893,0.381833,-41.6988787853,140,-13.0516865161,-41.6988787853,-74.3247064285,15.0867453401,-0.0956322816057,-0.285050929196,-0.495498042856,0.0997233480483,0.0203773975372,-0.605935518018,-2.00578212738,0.489433958351,0.017878472805,-0.671731321301,-5.51843261719,0.7600432536,0.0495637059212,-0.719009640055,-6.76628398895,0.718384503306,1820,266240,150,146.285714286,98,13.3920475946,4.01048,-9.31323e-10,-0.106327,-0.292466,7.45848e+08,5.67835e+08,3.73809e+07,3.24163e+07,0.373809,0.373809,7.45851e+08,5.67838e+08,3.93034e+17,9.53674e-07,-8.26549e-09,-1.90735e-06,3.54849e-07,-0.091392,-0.780823,-4.98281,0.731238,1.62981e-09,-16.4033,-16.4033,-16.4033,0.0,16.7148,13000,0.104813,-0.0397096,-0.184232,0.144523,-0.71115,-0.840875,-0.9706,0.129725,0.491079,0.434967,0.378856,0.0561117
13,0.129439,-0.0658068,-0.261053,0.195246,-48.4957323941,6,-21.4531261523,-48.4957323941,-72.5671705283,16.7230314562,-0.143020841015,-0.323304882628,-0.483781136856,0.111486876374,1.0,1.0,1.0,0.0,1.0,1.0,1.0,0.0,1.0,1.0,1.0,0.0,84,12600,150,150.0,150,0.0,0.952204,-0.0771671,-0.963149,0.385766,-41.5115869914,140,-15.4231163814,-41.5115869914,-73.0348007816,14.0515187655,-0.102820775876,-0.283770614199,-0.486898671877,0.0921078469752,0.197343945503,-0.502766754159,-2.66115403175,0.631732572344,0.264832377434,-0.679696433246,-4.65677833557,0.824345292889,0.264936387539,-0.570694868642,-7.90844106674,0.756959907259,1960,286720,150,146.285714286,98,13.3920475946,4.27104,3.72529e-09,-0.154403,-0.300215,7.45866e+08,5.78872e+08,3.73809e+07,3.28543e+07,0.373809,0.373809,7.45869e+08,5.78876e+08,3.98543e+17,5.36442e-07,-7.2876e-08,-1.43051e-06,3.00211e-07,0.0728459,-0.621678,-3.99622,0.64693,-1.49012e-08,-16.589,-16.589,-16.589,3.8147e-06,13.7756,14000,0.129439,-0.0658069,-0.261053,0.195246,-0.804423,-0.89551,-0.986598,0.0910878,0.447346,0.410094,0.372843,0.0372517
14,0.131841,-0.104981,-0.341803,0.236822,-28.8226663503,6,-10.7529845322,-28.8226663503,-46.2607060754,12.5256085526,-0.0716865635477,-0.192151109002,-0.308404707169,0.0835040570172,1.0,1.0,1.0,0.0,1.0,1.0,1.0,0.0,1.0,1.0,1.0,0.0,90,13500,150,150.0,150,0.0,0.937124,-0.116565,-0.912777,0.365626,-42.3256547287,140,-10.6011753729,-42.3256547287,-74.5620046079,15.298644442,-0.0706745024862,-0.289335530372,-0.497080030719,0.101465414008,0.552280426025,-0.350856984726,-3.3270418644,0.782057157036,0.546255230904,-0.337620893759,-5.36059427261,0.842606285802,0.556188821793,-0.338197002327,-7.47225046158,0.814290043612,2100,307200,150,146.285714286,98,13.3920475946,3.41653,-1.86265e-08,-0.0706745,-0.274824,7.45866e+08,5.43922e+08,3.73809e+07,3.19782e+07,0.373809,0.373809,7.45869e+08,5.43926e+08,3.73576e+17,1.43051e-06,-3.85335e-08,-1.66893e-06,4.38585e-07,0.344002,-0.468018,-5.06365,0.824495,4.14439e-08,-16.1209,-16.1209,-16.1209,1.90735e-06,20.8,15000,0.131841,-0.104981,-0.341803,0.236822,-0.834768,-1.00263,-1.1705,0.167866,0.433975,0.372094,0.310212,0.0618816
15,0.0828872,-0.119708,-0.322304,0.202595,-40.5373287794,6,-19.1931449603,-40.5373287794,-64.6825018866,13.6732206377,-0.127954299735,-0.27024885853,-0.431216679244,0.0911548042511,1.0,1.0,1.0,0.0,1.0,1.0,1.0,0.0,1.0,1.0,1.0,0.0,96,14400,150,150.0,150,0.0,0.879304,-0.103247,-0.907944,0.327014,-41.644539155,140,-12.0682285091,-41.644539155,-74.5347312491,14.7219704724,-0.0804548567276,-0.28467946688,-0.496898208327,0.096745056638,0.730334758759,-0.253716060093,-4.42825984955,0.915997796387,0.766623616219,-0.172705817648,-3.60263466835,0.871062826927,0.816163897514,-0.167622330815,-10.9655857086,0.865607749677,2240,327680,150,146.285714286,98,13.3920475946,3.70564,8.84756e-09,-0.133209,-0.294014,7.45866e+08,5.81802e+08,3.73809e+07,3.38765e+07,0.373809,0.373809,7.4587e+08,5.81806e+08,3.98241e+17,8.34465e-07,2.56114e-09,-5.96046e-07,2.03311e-07,0.501687,-0.410963,-5.49129,0.950931,-2.51457e-08,-17.6617,-17.6617,-17.6617,0.0,21.4031,16000,0.0828872,-0.119708,-0.322304,0.202595,-1.02438,-1.10039,-1.17641,0.0760183,0.359021,0.333702,0.308383,0.0253187
16,0.0709145,-0.100326,-0.271566,0.17124,-35.2484665429,6,-15.329447043,-35.2484665429,-50.5335381243,11.7504509131,-0.10219631362,-0.234989776953,-0.336890254162,0.0783363394208,1.0,1.0,1.0,0.0,1.0,1.0,1.0,0.0,1.0,1.0,1.0,0.0,102,15300,150,150.0,150,0.0,0.808225,-0.101865,-0.883576,0.287423,-41.8934545391,140,-11.0574191895,-41.8934545391,-73.2936992033,14.5871136932,-0.0737161279301,-0.286381036888,-0.488624661355,0.0969101886778,1.17864215374,0.165345770121,-5.22727918625,0.992436926705,1.15075623989,0.221506937913,-3.05702733994,0.827700400586,1.17901539803,0.185038673464,-7.5824842453,0.903169658358,2380,348160,150,146.285714286,98,13.3920475946,3.87107,7.45058e-09,-0.0952579,-0.287388,7.45866e+08,5.66842e+08,3.73809e+07,3.25623e+07,0.373809,0.373809,7.4587e+08,5.66847e+08,3.90311e+17,3.33786e-06,-1.53668e-08,-1.43051e-06,4.56694e-07,0.874587,0.0260321,-4.62458,0.835139,-4.65661e-09,-16.4982,-16.4982,-16.4982,1.90735e-06,15.5601,17000,0.0709145,-0.100326,-0.271566,0.17124,-1.24253,-1.31013,-1.37773,0.0675962,0.288652,0.270402,0.252151,0.0182503
17,0.0820974,-0.102054,-0.286206,0.184152,-42.2264001586,6,-23.4770535319,-42.2264001586,-62.2006915811,11.8060769479,-0.156513690213,-0.281509334391,-0.414671277208,0.0787071796525,1.0,1.0,1.0,0.0,1.0,1.0,1.0,0.0,1.0,1.0,1.0,0.0,108,16200,150,150.0,150,0.0,0.732767,-0.1132,-0.840801,0.264262,-43.5483428258,140,-14.2406884955,-43.5483428258,-73.5237125722,14.0847320459,-0.0949379233031,-0.297693749786,-0.498921848618,0.0936655049798,1.43856203556,0.361340241773,-3.75856661797,0.88450910146,1.50526118279,0.380810261624,-3.89479732513,0.926615963801,1.51972734928,0.362955548789,-7.65823221207,0.938745950879,2520,368640,150,146.285714286,98,13.3920475946,4.04184,3.72529e-09,-0.143993,-0.281123,7.45866e+08,5.88039e+08,3.73809e+07,3.31464e+07,0.373809,0.373809,7.4587e+08,5.88043e+08,4.10561e+17,2.38419e-06,4.84288e-08,-9.53674e-07,4.39442e-07,1.04568,0.188679,-3.65738,0.769924,1.39698e-08,-16.8863,-16.8863,-16.8863,3.8147e-06,17.1822,18000,0.0820975,-0.102054,-0.286206,0.184152,-1.32553,-1.39218,-1.45883,0.0666499,0.265662,0.249085,0.232508,0.016577
18,0.0047512,-0.147877,-0.300506,0.152628,-36.5868633299,6,-19.0672796581,-36.5868633299,-51.4196400525,11.8559141739,-0.127115197721,-0.2439124222,-0.34279760035,0.0790394278263,1.0,1.0,1.0,0.0,1.0,1.0,1.0,0.0,1.0,1.0,1.0,0.0,114,17100,150,150.0,150,0.0,0.681068,-0.133161,-0.808036,0.240731,-40.6308278113,140,-12.9987316177,-40.6308278113,-73.1180257973,13.4997638728,-0.0866582107844,-0.277749799491,-0.487453505315,0.0898553208654,1.48152768612,0.463580621566,-3.09143447876,0.895859853807,1.48703193665,0.462387441312,-3.80878829956,1.0878601898,1.52634060383,0.54148276085,-9.28685665131,0.950283463208,2660,389120,150,146.285714286,98,13.3920475946,3.52227,2.98023e-08,-0.123423,-0.257486,7.45866e+08,5.61912e+08,3.73809e+07,3.30003e+07,0.373809,0.373809,7.4587e+08,5.61917e+08,3.85139e+17,5.24521e-06,-9.31323e-09,-1.66893e-06,7.50309e-07,1.4784,0.422827,-4.78241,1.09896,-4.28408e-08,-17.1949,-17.1949,-17.1949,0.0,21.5603,19000,0.0047512,-0.147877,-0.300505,0.152628,-1.60365,-1.60741,-1.61118,0.0037632,0.201161,0.200407,0.199653,0.000754163
19,0.0152341,-0.129266,-0.273767,0.1445,-43.2610517587,6,-27.9121020602,-43.2610517587,-52.5693346257,8.06818821395,-0.186080680402,-0.288407011725,-0.350462230838,0.0537879214263,1.0,1.0,1.0,0.0,1.0,1.0,1.0,0.0,1.0,1.0,1.0,0.0,120,18000,150,150.0,150,0.0,0.625071,-0.117127,-0.705958,0.218104,-41.4421752452,140,-13.6903431671,-41.4421752452,-71.874910359,14.2844298684,-0.103655558704,-0.28329611984,-0.47916606906,0.0931520823037,1.67677390575,0.673579479541,-2.85055065155,0.828214221766,1.77506279945,0.712001056756,-3.17176008224,0.976844589733,1.82511889935,0.743940312008,-6.53318214417,0.934185605154,2800,409600,150,146.285714286,98,13.3920475946,3.62721,9.31323e-09,-0.189378,-0.323683,7.45866e+08,5.89009e+08,3.73809e+07,3.43145e+07,0.373809,0.373809,7.45871e+08,5.89014e+08,4.06368e+17,9.53674e-07,-1.88593e-08,-1.90735e-06,3.10193e-07,1.60148,0.60041,-4.1168,0.989307,-2.98023e-08,-15.7556,-15.7556,-15.7556,2.86102e-06,19.8884,20000,0.0152341,-0.129266,-0.273767,0.1445,-1.61075,-1.68165,-1.75255,0.0708991,0.199737,0.186534,0.173331,0.013203
20,0.00847073,-0.129623,-0.267716,0.138093,-38.0944333499,6,-20.6875883485,-38.0944333499,-50.8772427656,10.3761922519,-0.137917255656,-0.253962888999,-0.339181618437,0.0691746150126,1.0,1.0,1.0,0.0,1.0,1.0,1.0,0.0,1.0,1.0,1.0,0.0,126,18900,150,150.0,150,0.0,0.562643,-0.143852,-0.772967,0.200627,-42.077810105,140,-12.1017623404,-42.077810105,-74.4455226722,15.5752699684,-0.0806784156024,-0.287641280015,-0.496303484482,0.103382825729,2.01571130753,0.915656190685,-4.00641345978,1.0379404695,2.02246999741,1.01541505967,-3.9651222229,0.90792621417,2.02934217453,0.969079248828,-10.0099630356,0.962087272779,2940,430080,150,146.285714286,98,13.3920475946,3.49572,-7.45058e-09,-0.134221,-0.330253,7.45866e+08,5.94326e+08,3.73809e+07,3.43145e+07,0.373809,0.373809,7.45871e+08,5.94331e+08,4.10908e+17,1.78814e-06,-3.39933e-08,-9.53674e-07,3.2495e-07,1.81231,0.763098,-4.04054,1.04296,1.72295e-08,-16.254,-16.254,-16.254,1.90735e-06,22.3911,21000,0.00847073,-0.129623,-0.267716,0.138093,-1.74741,-1.78674,-1.82606,0.0393223,0.174224,0.167636,0.161047,0.00658841
21,-0.0237118,-0.156904,-0.290097,0.133193,-43.4791396426,6,-20.1572837258,-43.4791396426,-65.2946076356,18.0832292924,-0.134381891506,-0.289860930951,-0.435297384237,0.120554861949,1.0,1.0,1.0,0.0,1.0,1.0,1.0,0.0,1.0,1.0,1.0,0.0,132,19800,150,150.0,150,0.0,0.547382,-0.143294,-0.688778,0.195206,-39.4992252188,140,-11.8795401776,-39.4992252188,-71.5392222035,14.8516524922,-0.0951132480592,-0.270014234894,-0.481671029969,0.0992315108578,2.21339273453,1.23132306508,-3.41894412041,1.03372111321,2.21198511124,1.23369828718,-1.15357172489,0.685813858228,2.26844835281,1.21793415934,-6.91948509216,0.945786863411,3080,450560,150,146.285714286,98,13.3920475946,3.72975,-1.11759e-08,-0.0951132,-0.290037,7.45848e+08,5.5786e+08,3.73809e+07,3.24163e+07,0.373809,0.373809,7.45854e+08,5.57865e+08,3.82982e+17,9.53674e-07,2.8871e-08,-3.21865e-06,5.38275e-07,2.14606,1.12718,-4.5777,1.00625,-2.37487e-08,-16.7809,-16.7809,-16.7809,0.0,19.6282,22000,-0.0237118,-0.156904,-0.290097,0.133193,-1.91577,-1.94623,-1.9767,0.0304651,0.147229,0.142878,0.138526,0.00435144
22,0.00828726,-0.137393,-0.283074,0.145681,-45.7758742578,6,-39.0051404549,-45.7758742578,-69.2051711097,10.6818374988,-0.260034269699,-0.305172495052,-0.461367807398,0.0712122499923,1.0,1.0,1.0,0.0,1.0,1.0,1.0,0.0,1.0,1.0,1.0,0.0,138,20700,150,150.0,150,0.0,0.458354,-0.137381,-0.615192,0.178512,-41.2322315479,140,-12.5306438293,-41.2322315479,-74.8357369126,14.7073377556,-0.0976865808106,-0.281860957847,-0.498904912751,0.0956737397923,2.71527719498,1.5172784337,-2.58336210251,0.910190419187,2.72509837151,1.64159655443,-1.72161889076,0.938416948015,2.75739479065,1.5915635825,-6.37800979614,0.972505615993,3220,471040,150,146.285714286,98,13.3920475946,3.84294,-3.72529e-09,-0.160195,-0.321312,7.45866e+08,5.65683e+08,3.73809e+07,3.31464e+07,0.373809,0.373809,7.45871e+08,5.65688e+08,3.86069e+17,2.6226e-06,-5.47152e-08,-1.90735e-06,5.38936e-07,2.32277,1.38156,-2.38422,0.91382,3.3062e-08,-16.7949,-16.7949,-16.7949,0.0,19.1108,23000,0.00828726,-0.137393,-0.283074,0.145681,-1.92258,-2.03887,-2.15517,0.116298,0.14623,0.131056,0.115883,0.0151733
23,0.00439884,-0.137191,-0.278781,0.14159,-46.7065241524,6,-26.6642186165,-46.7065241524,-74.5934227988,14.6598799317,-0.177761457443,-0.311376827683,-0.497289485326,0.0977325328782,1.0,1.0,1.0,0.0,1.0,1.0,1.0,0.0,1.0,1.0,1.0,0.0,144,21600,150,150.0,150,0.0,0.387731,-0.118005,-0.643334,0.173829,-42.5555711168,140,-12.3180856204,-42.5555711168,-73.790294664,16.0481117643,-0.0827352001105,-0.290907224431,-0.49193529776,0.105884391478,2.76993250847,1.74549411195,-4.83628082275,1.01175560077,2.76839876175,1.71802712551,-3.59015917778,0.971639182267,2.7769973278,1.76058614449,-8.72082519531,0.978175446812,3360,491520,150,146.285714286,98,13.3920475946,4.25295,1.86265e-09,-0.137869,-0.30836,7.45866e+08,5.68125e+08,3.73809e+07,3.25623e+07,0.373809,0.373809,7.45872e+08,5.68131e+08,3.9322e+17,1.3113e-06,-3.23635e-08,-1.54972e-06,3.81284e-07,2.77466,1.8258,-4.06773,0.968889,1.11759e-08,-16.4056,-16.4056,-16.4056,0.0,15.5163,24000,0.00439884,-0.137191,-0.278781,0.14159,-2.23034,-2.26629,-2.30225,0.0359544,0.107492,0.103763,0.100034,0.00372913
24,0.0345442,-0.112533,-0.25961,0.147077,-43.7723666292,6,-24.9862748157,-43.7723666292,-71.0975127565,14.0208940893,-0.166575165438,-0.291815777528,-0.473983418377,0.0934726272621,1.0,1.0,1.0,0.0,1.0,1.0,1.0,0.0,1.0,1.0,1.0,0.0,150,22500,150,150.0,150,0.0,0.395169,-0.119205,-0.601465,0.172164,-42.9080690895,140,-11.7157474368,-42.9080690895,-74.6451416157,15.1745181387,-0.101616909302,-0.293316878541,-0.497634277438,0.100034354018,2.73358678818,1.62796533491,-2.13184475899,1.00017658243,2.74806928635,1.71897070238,-1.79534125328,0.932703693911,2.79888916016,1.69011146077,-6.64804458618,0.974044874078,3500,512000,150,146.285714286,98,13.3920475946,3.87639,-1.86265e-08,-0.170706,-0.280162,7.45866e+08,5.92045e+08,3.73809e+07,3.44605e+07,0.373809,0.373809,7.45872e+08,5.92051e+08,4.06306e+17,2.6226e-06,-1.28523e-07,-1.90735e-06,6.01536e-07,2.75175,1.82644,-3.94762,0.927186,3.35276e-08,-15.9916,-15.9916,-15.9916,2.86102e-06,16.5097,25000,0.0345442,-0.112533,-0.25961,0.147077,-2.23047,-2.2592,-2.28793,0.0287302,0.107478,0.104477,0.101476,0.00300082
25,-0.00951009,-0.130348,-0.251187,0.120838,-40.801328791,6,-12.9649561423,-40.801328791,-56.7437563717,14.3808895022,-0.0864330409486,-0.272008858606,-0.378291709144,0.0958725966816,1.0,1.0,1.0,0.0,1.0,1.0,1.0,0.0,1.0,1.0,1.0,0.0,156,23400,150,150.0,150,0.0,0.432261,-0.116355,-0.657148,0.177411,-42.4336476335,140,-10.4235062527,-42.4336476335,-74.7351847341,15.5610249295,-0.0694900416844,-0.29007376312,-0.498234564894,0.103874282104,2.69292640686,1.55549144447,-2.86626029015,1.04556522617,2.67505431175,1.62533295453,-1.38276457787,0.862603551955,2.70503735542,1.55325271132,-6.73521375656,0.967617273905,3640,532480,150,146.285714286,98,13.3920475946,4.19294,-3.72529e-09,-0.106106,-0.235126,7.45848e+08,5.93589e+08,3.73809e+07,3.31464e+07,0.373809,0.373809,7.45855e+08,5.93596e+08,4.16046e+17,1.3113e-06,4.19095e-09,-1.19209e-06,3.99123e-07,2.43967,1.49095,-2.61516,0.888276,-9.31323e-09,-17.2189,-17.2189,-17.2189,0.0,15.5761,26000,-0.00951009,-0.130348,-0.251187,0.120838,-2.06834,-2.10511,-2.14187,0.0367644,0.126395,0.121915,0.117435,0.00448011
26,0.0389621,-0.108165,-0.255292,0.147127,-45.9436793817,6,-16.4164329639,-45.9436793817,-67.4885456242,21.3768645084,-0.109442886426,-0.306291195878,-0.449923637495,0.142512430056,1.0,1.0,1.0,0.0,1.0,1.0,1.0,0.0,1.0,1.0,1.0,0.0,162,24300,150,150.0,150,0.0,0.448234,-0.105839,-0.633617,0.176112,-43.2779896462,140,-12.9702518987,-43.2779896462,-74.2037893356,15.4536953812,-0.0875189839747,-0.295845632347,-0.494691928904,0.101184764486,2.91365766525,1.85949701709,-2.08880233765,0.923262134382,2.87332749367,1.74158625986,-3.58518886566,1.10546764756,2.92773628235,1.79229972004,-7.81084728241,0.97325100813,3780,552960,150,146.285714286,98,13.3920475946,3.93604,0.0,-0.15583,-0.289751,7.45866e+08,5.72667e+08,3.73809e+07,3.31464e+07,0.373809,0.373809,7.45873e+08,5.72674e+08,3.93697e+17,4.76837e-06,5.33182e-08,-1.43051e-06,1.17247e-06,2.7064,1.7174,-4.09427,0.940421,5.54137e-08,-17.4339,-17.4339,-17.4339,1.90735e-06,18.6448,27000,0.0389621,-0.108165,-0.255293,0.147127,-2.18047,-2.23745,-2.29444,0.0569868,0.112989,0.106903,0.100818,0.0060855
27,0.0516506,-0.0931032,-0.237857,0.144754,-44.8066351732,6,-27.7729395965,-44.8066351732,-66.3386711071,12.3063259271,-0.185152930643,-0.298710901155,-0.442257807381,0.0820421728471,1.0,1.0,1.0,0.0,1.0,1.0,1.0,0.0,1.0,1.0,1.0,0.0,168,25200,150,150.0,150,0.0,0.344411,-0.0751388,-0.514706,0.161101,-41.9057852821,140,-9.77367677933,-41.9057852821,-74.8681761271,16.0007592332,-0.0997313957075,-0.286465329077,-0.49912117418,0.105787743809,3.27135848999,2.2541264517,-1.78889906406,1.00315720637,3.2980556488,2.24827315807,-1.54186522961,0.950048340585,3.3310303688,2.21922785151,-7.18000984192,0.994437298642,3920,573440,150,146.285714286,98,13.3920475946,3.66997,3.72529e-09,-0.130369,-0.285799,7.45848e+08,5.67559e+08,3.73809e+07,3.24163e+07,0.373809,0.373809,7.45855e+08,5.67566e+08,3.92345e+17,3.33786e-06,6.37956e-08,-2.86102e-06,6.2913e-07,2.9792,1.95412,-3.48669,1.16306,-9.31323e-09,-17.3634,-17.3634,-17.3634,0.0,19.3069,28000,0.0516506,-0.0931031,-0.237857,0.144754,-2.27898,-2.37869,-2.4784,0.0997094,0.102388,0.0931327,0.0838771,0.00925556
28,0.0676445,-0.0671857,-0.202016,0.13483,-40.6335208498,6,-22.4818298561,-40.6335208498,-48.7342916835,8.78736802847,-0.149878865708,-0.270890138999,-0.32489527789,0.0585824535231,1.0,1.0,1.0,0.0,1.0,1.0,1.0,0.0,1.0,1.0,1.0,0.0,174,26100,150,150.0,150,0.0,0.304394,-0.0712691,-0.520316,0.152253,-40.2378710493,140,-11.584602901,-40.2378710493,-74.5696256681,14.2255507195,-0.0908068469977,-0.275063571626,-0.497130837787,0.0916788285978,3.519135952,2.37327681695,-2.35919141769,1.11314303808,3.47518110275,2.41916216016,-2.3642437458,1.0507217289,3.52507972717,2.43285111045,-5.76561594009,1.00714306346,4060,593920,150,146.285714286,98,13.3920475946,3.79465,-1.11759e-08,-0.125108,-0.269935,7.45866e+08,5.7442e+08,3.73809e+07,3.27083e+07,0.373809,0.373809,7.45873e+08,5.74427e+08,3.9947e+17,2.86102e-06,-1.49012e-08,-4.05312e-06,9.0421e-07,3.33806,2.43517,-1.84413,0.961864,2.14204e-08,-17.2061,-17.2061,-17.2061,3.8147e-06,19.4291,29000,0.0676445,-0.0671857,-0.202016,0.13483,-2.40756,-2.5695,-2.73143,0.161937,0.0900347,0.0775803,0.0651259,0.0124544
29,0.0595743,-0.0710714,-0.201717,0.130646,-39.0755569431,6,-20.279076136,-39.0755569431,-65.0300767373,16.2641114673,-0.135193840906,-0.260503712954,-0.433533844915,0.108427409782,1.0,1.0,1.0,0.0,1.0,1.0,1.0,0.0,1.0,1.0,1.0,0.0,180,27000,150,150.0,150,0.0,0.289192,-0.0767958,-0.497494,0.153454,-41.5958176978,140,-6.52366071011,-41.5958176978,-74.8272759016,15.8240842886,-0.0639259781007,-0.284346410044,-0.498848506011,0.106340880212,3.47366428375,2.47817606841,-5.01041936874,1.03966609033,3.48457050323,2.56495229091,-3.37739372253,0.954185767768,3.51934528351,2.46044025065,-5.99399280548,0.986471438749,4200,614400,150,146.285714286,98,13.3920475946,3.88042,1.86265e-09,-0.119562,-0.256204,7.45866e+08,5.74399e+08,3.73809e+07,3.28543e+07,0.373809,0.373809,7.45873e+08,5.74407e+08,3.99109e+17,2.02656e-06,-5.19212e-08,-2.02656e-06,6.97164e-07,3.51119,2.3986,-2.66633,1.05467,9.31323e-10,-15.8673,-15.8673,-15.8673,1.90735e-06,15.9953,30000,0.0595743,-0.0710714,-0.201717,0.130646,-2.46812,-2.65602,-2.84392,0.187902,0.084744,0.0714705,0.0581969,0.0132736
30,0.0663758,-0.0689393,-0.204254,0.135315,-35.9281598547,6,-23.1160103213,-35.9281598547,-56.5827139355,12.3647021471,-0.154106735476,-0.239521065698,-0.377218092903,0.0824313476474,1.0,1.0,1.0,0.0,1.0,1.0,1.0,0.0,1.0,1.0,1.0,0.0,186,27900,150,150.0,150,0.0,0.273462,-0.070559,-0.541916,0.148323,-42.1687296477,140,-9.63628346077,-42.1687296477,-73.8835387638,15.3266299554,-0.0905947542468,-0.288262800326,-0.492556925092,0.101224904738,3.60185980797,2.6109481505,-0.715138316154,0.830420623688,3.55507683754,2.55278693693,-2.71167993546,0.956440228708,3.61674380302,2.48344795632,-8.80732917786,0.999240252227,4340,634880,150,146.285714286,98,13.3920475946,4.41148,3.72529e-09,-0.144786,-0.335625,7.45866e+08,5.86526e+08,3.73809e+07,3.28543e+07,0.373809,0.373809,7.45874e+08,5.86534e+08,4.09547e+17,2.92063e-06,8.19564e-08,-2.14577e-06,7.85974e-07,3.34398,2.22809,-2.95213,1.07023,5.7742e-08,-17.0883,-17.0883,-17.0883,1.90735e-06,16.8299,31000,0.0663758,-0.0689392,-0.204254,0.135315,-2.35933,-2.56752,-2.77571,0.208189,0.0944831,0.0783941,0.0623051,0.016089
31,0.0540636,-0.0793042,-0.212672,0.133368,-34.6753950472,6,-14.3651577848,-34.6753950472,-72.9353648289,19.3596674921,-0.0957677185652,-0.231169300315,-0.486235765526,0.129064449948,1.0,1.0,1.0,0.0,1.0,1.0,1.0,0.0,1.0,1.0,1.0,0.0,192,28800,150,150.0,150,0.0,0.26216,-0.0786404,-0.439802,0.145433,-41.6560290374,140,-11.0020600321,-41.6560290374,-74.9844826098,14.2538715238,-0.0733470668809,-0.284758010998,-0.499896550732,0.0926207051812,3.73508739471,2.61559869945,-1.63652658463,1.03863042111,3.66326379776,2.56721865364,-1.92598974705,1.10003905222,3.74340105057,2.66509635084,-7.49574804306,0.975061954481,4480,655360,150,146.285714286,98,13.3920475946,3.98194,-4.65661e-09,-0.0888426,-0.265843,7.45866e+08,5.6718e+08,3.73809e+07,3.30003e+07,0.373809,0.373809,7.45874e+08,5.67188e+08,3.8866e+17,2.86102e-06,1.86265e-09,-3.09944e-06,8.30395e-07,3.62453,2.59063,-1.23622,0.965549,8.28877e-08,-16.5629,-16.5629,-16.5629,0.0,16.3578,32000,0.0540636,-0.0793042,-0.212672,0.133368,-2.55797,-2.70648,-2.85499,0.148512,0.0774617,0.0675089,0.0575561,0.0099528
32,0.0463856,-0.083189,-0.212763,0.129575,-41.7033730045,6,-20.1385803912,-41.7033730045,-66.8331216955,13.6033799827,-0.134257202608,-0.278022486697,-0.445554144637,0.0906891998847,1.0,1.0,1.0,0.0,1.0,1.0,1.0,0.0,1.0,1.0,1.0,0.0,198,29700,150,150.0,150,0.0,0.270317,-0.0865039,-0.4634,0.147114,-40.9519711313,140,-9.84158730929,-40.9519711313,-74.8383595007,14.4811081304,-0.065610582062,-0.279945115155,-0.498922396672,0.0980985869151,3.88871860504,2.80428682481,-0.98698413372,0.931962394504,3.90998911858,2.68451190421,-1.1644963026,1.12742702992,3.92449188232,2.84529419827,-7.09624814987,0.995341080205,4620,675840,150,146.285714286,98,13.3920475946,3.9804,7.45058e-09,-0.14092,-0.321745,7.4583e+08,5.68739e+08,3.73809e+07,3.25623e+07,0.373809,0.373809,7.45838e+08,5.68747e+08,3.9335e+17,1.66893e-06,1.69035e-07,-6.67572e-06,9.14216e-07,3.90836,2.92128,-3.00276,0.968635,-8.47504e-08,-16.8554,-16.8555,-16.8554,1.90735e-06,17.974,33000,0.0463856,-0.083189,-0.212763,0.129575,-2.74782,-2.85021,-2.9526,0.102388,0.0640671,0.0581354,0.0522038,0.00593168
33,0.0559711,-0.0835396,-0.22305,0.139511,-49.8937097405,6,-28.6344707612,-49.8937097405,-67.1172567699,12.8091657783,-0.190896471742,-0.332624731603,-0.447448378466,0.0853944385219,1.0,1.0,1.0,0.0,1.0,1.0,1.0,0.0,1.0,1.0,1.0,0.0,204,30600,150,150.0,150,0.0,0.27417,-0.0933021,-0.436309,0.158924,-41.218221475,140,-13.0110419062,-41.218221475,-74.5775296295,14.7839746469,-0.0867402793745,-0.281765185864,-0.497183530863,0.0966758343776,4.29156827927,3.06619564976,-1.14853799343,1.13527707962,4.18243551254,3.09110158341,-1.0096218586,1.07899848024,4.32496500015,3.12389799502,-7.17030858994,1.01848083837,4760,696320,150,146.285714286,98,13.3920475946,4.37237,3.35276e-08,-0.108229,-0.29765,7.45866e+08,5.89432e+08,3.73809e+07,3.32924e+07,0.373809,0.373809,7.45874e+08,5.8944e+08,4.10632e+17,1.90735e-06,-9.0804e-08,-3.57628e-06,8.81327e-07,3.96219,2.93595,-2.06299,0.983831,-1.11759e-08,-15.7061,-15.7061,-15.7061,0.0,14.1094,34000,0.0559711,-0.0835396,-0.22305,0.139511,-2.77622,-2.87433,-2.97245,0.0981145,0.0622735,0.0567256,0.0511778,0.00554782
34,0.0597351,-0.0996655,-0.259066,0.159401,-51.2152038377,6,-38.181029552,-51.2152038377,-70.3790867901,12.8045914042,-0.254540197013,-0.341434692251,-0.469193911934,0.0853639426948,1.0,1.0,1.0,0.0,1.0,1.0,1.0,0.0,1.0,1.0,1.0,0.0,210,31500,150,150.0,150,0.0,0.210363,-0.10096,-0.419159,0.160588,-42.2177633603,140,-12.1186313322,-42.2177633603,-74.5607020642,13.5331507832,-0.0807908755477,-0.288597991721,-0.497071347094,0.0859188085903,4.46648406982,3.43019641382,0.205890655518,0.939649674803,4.42925596237,3.34655593719,0.190784454346,0.94207810176,4.49411773682,3.41381296855,-6.0658826828,0.990571763085,4900,716800,150,146.285714286,98,13.3920475946,4.25931,-7.45058e-09,-0.130264,-0.28984,7.45866e+08,5.71445e+08,3.73809e+07,3.28543e+07,0.373809,0.373809,7.45875e+08,5.71454e+08,3.92196e+17,4.05312e-06,5.72763e-08,-6.91414e-06,1.21291e-06,4.39451,3.43205,-0.537436,0.924129,-4.88944e-08,-15.9708,-15.9708,-15.9708,0.0,14.0113,35000,0.0597351,-0.0996655,-0.259066,0.159401,-2.95162,-3.08146,-3.2113,0.12984,0.0522552,0.0462797,0.0403043,0.00597543
35,0.047528,-0.109474,-0.266476,0.157002,-41.5024730512,6,-10.2553821325,-41.5024730512,-60.8471556125,16.0987575191,-0.0683692142169,-0.276683153674,-0.405647704083,0.107325050127,1.0,1.0,1.0,0.0,1.0,1.0,1.0,0.0,1.0,1.0,1.0,0.0,216,32400,150,150.0,150,0.0,0.202391,-0.103889,-0.438669,0.166959,-41.1494069918,140,-9.8035347231,-41.1494069918,-74.1772722547,15.8119658601,-0.065356898154,-0.281294774358,-0.494515148364,0.102123221744,4.75482940674,3.56649365681,-1.29088914394,1.05851419964,4.64782238007,3.77347900357,-1.06907701492,0.823500741259,4.75523948669,3.54345070209,-4.95883560181,1.00892734109,5040,737280,150,146.285714286,98,13.3920475946,3.84013,0.0,-0.11272,-0.260183,7.45866e+08,5.576e+08,3.73809e+07,3.19782e+07,0.373809,0.373809,7.45875e+08,5.57609e+08,3.85236e+17,2.86102e-06,7.40401e-08,-4.52995e-06,1.08401e-06,4.46937,3.41084,-0.874359,1.05574,-3.1665e-08,-16.5307,-16.5307,-16.5307,0.0,15.0963,36000,0.047528,-0.109474,-0.266476,0.157002,-3.01021,-3.1165,-3.22279,0.106289,0.0492813,0.0445626,0.0398438,0.00471875
36,0.055005,-0.104827,-0.26466,0.159833,-35.3020873084,6,-22.0479390135,-35.3020873084,-42.7278763584,7.25630471197,-0.14698626009,-0.235347248723,-0.284852509056,0.0483753647465,1.0,1.0,1.0,0.0,1.0,1.0,1.0,0.0,1.0,1.0,1.0,0.0,222,33300,150,150.0,150,0.0,0.186341,-0.108281,-0.399073,0.155971,-40.1947789066,140,-13.562421691,-40.1947789066,-74.0990769249,15.0068980667,-0.112279170601,-0.274768996432,-0.493993846166,0.0979283115884,4.89147424698,3.81042273726,0.0840010643005,1.01475528082,4.87730979919,3.95955287303,0.805413007736,0.813014089131,4.92750883102,3.85333103724,-4.31272983551,0.982119247961,5180,757760,150,146.285714286,98,13.3920475946,3.9379,2.79397e-09,-0.159458,-0.332867,7.45866e+08,5.72752e+08,3.73809e+07,3.30003e+07,0.373809,0.373809,7.45875e+08,5.72762e+08,3.91404e+17,4.64916e-06,3.11993e-07,-1.04904e-05,2.00854e-06,4.81234,3.79186,-3.09615,1.04541,8.19564e-08,-16.8635,-16.8635,-16.8635,3.8147e-06,17.3384,37000,0.055005,-0.104827,-0.26466,0.159833,-3.21829,-3.28793,-3.35757,0.0696411,0.0400233,0.0374215,0.0348196,0.00260187
37,0.0398989,-0.108962,-0.257822,0.148861,-33.6582996316,6,-21.3775783155,-33.6582996316,-49.629291034,9.60995821461,-0.14251718877,-0.22438866421,-0.330861940227,0.0640663880974,1.0,1.0,1.0,0.0,1.0,1.0,1.0,0.0,1.0,1.0,1.0,0.0,228,34200,150,150.0,150,0.0,0.165989,-0.109227,-0.408083,0.154805,-40.1274795222,140,-13.6586535389,-40.1274795222,-74.5437875893,12.6770381982,-0.0910576902596,-0.274308942046,-0.496958583928,0.0840827392123,5.05779123306,3.96182273882,-1.70661258698,1.11502511007,5.03678417206,3.90231679593,-1.44486689568,1.12827110664,5.07707309723,3.99619974776,-6.24503517151,1.02208311855,5320,778240,150,146.285714286,98,13.3920475946,4.09269,9.31323e-09,-0.20638,-0.29048,7.45866e+08,5.77878e+08,3.73809e+07,3.28543e+07,0.373809,0.373809,7.45875e+08,5.77888e+08,3.97707e+17,3.57628e-06,3.95812e-08,-5.72205e-06,1.22658e-06,4.91421,3.82451,-2.47667,1.10886,-9.54606e-09,-16.0465,-16.0465,-16.0465,3.8147e-06,11.7369,38000,0.0398989,-0.108962,-0.257822,0.148861,-3.27714,-3.34792,-3.4187,0.0707772,0.0377358,0.0352454,0.032755,0.00249042
38,0.044486,-0.106854,-0.258193,0.15134,-39.8585309051,6,-20.9413162155,-39.8585309051,-61.5381833373,14.6769327966,-0.13960877477,-0.265723539367,-0.410254555582,0.0978462186442,1.0,1.0,1.0,0.0,1.0,1.0,1.0,0.0,1.0,1.0,1.0,0.0,234,35100,150,150.0,150,0.0,0.151559,-0.103545,-0.384103,0.153102,-41.1438673518,140,-13.6994084152,-41.1438673518,-72.0107767131,14.6244740219,-0.0979100380768,-0.281256905725,-0.480071844754,0.097017281153,5.29831790924,4.35106045178,1.8607339859,0.734766966246,5.2556180954,4.30218292219,1.44440579414,0.806317943967,5.30411434174,4.16515472798,-4.87124967575,1.01272154963,5460,798720,150,146.285714286,98,13.3920475946,3.62697,-2.23517e-08,-0.13979,-0.33367,7.4583e+08,5.74423e+08,3.73809e+07,3.34384e+07,0.373809,0.373809,7.45839e+08,5.74432e+08,3.95303e+17,4.88758e-06,2.19792e-07,-3.8147e-06,1.19348e-06,5.05346,4.16107,-0.215174,0.840238,4.84288e-08,-16.757,-16.757,-16.757,0.0,21.4477,39000,0.044486,-0.106854,-0.258193,0.15134,-3.29282,-3.41176,-3.5307,0.11894,0.0371489,0.0332166,0.0292844,0.00393227
39,0.054494,-0.0967728,-0.248039,0.151267,-40.7480834998,6,-13.592605418,-40.7480834998,-58.2671301724,14.3525172008,-0.0906173694535,-0.271653889999,-0.388447534483,0.0956834480051,1.0,1.0,1.0,0.0,1.0,1.0,1.0,0.0,1.0,1.0,1.0,0.0,240,36000,150,150.0,150,0.0,0.150277,-0.0918998,-0.361354,0.154971,-42.2770744503,140,-12.380399402,-42.2770744503,-74.3412897612,14.2276126737,-0.105162395364,-0.289003438625,-0.498484013555,0.0947638496186,5.55039215088,4.39956152865,-0.891295075417,1.2233240579,5.5515203476,4.41172479391,0.610139131546,0.957553567575,5.58634710312,4.47305764123,-6.31153202057,1.01069719143,5600,819200,150,146.285714286,98,13.3920475946,4.12391,-1.11759e-08,-0.105162,-0.255647,7.45866e+08,5.85842e+08,3.73809e+07,3.34384e+07,0.373809,0.373809,7.45876e+08,5.85852e+08,4.03776e+17,4.76837e-06,3.33413e-07,-1.00136e-05,2.30922e-06,5.295,4.33263,0.615121,0.925268,-1.49012e-08,-15.7768,-15.7768,-15.7768,0.0,13.6599,40000,0.054494,-0.0967727,-0.248039,0.151267,-3.40532,-3.53382,-3.66233,0.128505,0.0331963,0.0294345,0.0256727,0.0037618
40,0.0661517,-0.0883825,-0.242917,0.154534,-46.6032066919,6,-13.9689109378,-46.6032066919,-75.0890464569,21.9118565211,-0.0931260729185,-0.310688044613,-0.500593643046,0.146079043474,1.0,1.0,1.0,0.0,1.0,1.0,1.0,0.0,1.0,1.0,1.0,0.0,246,36900,150,150.0,150,0.0,0.148816,-0.0869173,-0.332569,0.15464,-41.4030468485,140,-9.28939965536,-41.4030468485,-74.9068838552,15.6156940097,-0.0945054767824,-0.283028640566,-0.499379225702,0.101346704534,6.02974033356,4.90848358359,-0.272902369499,0.925044495999,6.07007980347,4.87524423173,0.527112841606,1.01550138945,6.08985137939,4.86790658186,-5.35523223877,1.02888645516,5740,839680,150,146.285714286,98,13.3920475946,3.62108,-7.45058e-09,-0.12863,-0.272297,7.45866e+08,5.53572e+08,3.73809e+07,3.21242e+07,0.373809,0.373809,7.45876e+08,5.53583e+08,3.83877e+17,1.21593e-05,1.01514e-07,-8.34465e-06,3.3742e-06,5.61903,4.5189,-1.60987,1.15897,-2.33762e-07,-16.9554,-16.9554,-16.9554,1.90735e-06,20.5575,41000,0.0661517,-0.0883825,-0.242917,0.154534,-3.53083,-3.69813,-3.86544,0.167304,0.0292807,0.0251172,0.0209538,0.00416345
